# delay_us	bmRequestType	bRequest	wValue	wIndex	wLength	data_hex	capture_frame
0	0x40	0x88	0x0000	0x0027	1	00	4198
1250	0x01	0x0b	0x0000	0x0000	0	-	4200
739	0x40	0x88	0x0000	0x0035	1	06	4202
2019	0x40	0x88	0x0000	0x0035	1	00	4204
12978	0xc0	0x88	0x0000	0x0340	64	-	4206
31029	0xc0	0x88	0x0000	0x0340	64	-	4208
37044	0xc0	0x88	0x0000	0x0340	64	-	4210
38012	0xc0	0x88	0x0000	0x002d	1	-	4212
1960	0x40	0x88	0x0000	0x0070	1	30	4214
2036	0x40	0x88	0x0000	0x0000	1	18	4216
2001	0x40	0x88	0x0000	0x0055	1	88	4218
1937	0x40	0x88	0x0000	0x005e	1	07	4220
4074	0x40	0x88	0x0000	0x0060	1	00	4222
1972	0x40	0x88	0x0000	0x0061	1	3f	4224
2014	0x40	0x88	0x0000	0x0068	1	02	4226
1987	0x40	0x88	0x0000	0x0050	1	24	4228
173	0xc0	0x88	0x0000	0x0340	64	-	4230
1832	0x40	0x88	0x0000	0x005e	1	03	4232
2057	0x40	0x88	0x0000	0x005e	1	07	4234
1932	0x40	0x88	0x0000	0x0070	1	31	4236
2022	0x40	0x88	0x0000	0x0000	1	19	4238
2351	0x01	0x0b	0x0007	0x0000	0	-	4240
21836	0xc0	0x88	0x0000	0x0340	64	-	4242
30967	0x40	0x88	0x0000	0x0027	1	ff	4244
7153	0x01	0x0b	0x0005	0x0000	0	-	4246
7732	0x40	0x88	0x0000	0x0300	64	00000000000000000000000000000000000000000000000000000000000000000000000000000000000000000000000000000000000000000000000000691061	4248
2977	0xc0	0x88	0x0000	0x0340	64	-	4250
28970	0xc0	0x88	0x0000	0x0340	64	-	4252
15057	0x40	0x88	0x0000	0x0027	1	c0	4254
2974	0x40	0x88	0x0000	0x0023	1	00	4256
3080	0x40	0x88	0x0000	0x0024	1	68	4258
2912	0x40	0x88	0x0000	0x0022	1	0c	4260
3135	0x40	0x88	0x0000	0x0035	1	0f	4262
2838	0x40	0x88	0x0000	0x0070	1	30	4264
223	0xc0	0x88	0x0000	0x0340	64	-	4266
1825	0x40	0x88	0x0000	0x0000	1	18	4268
2000	0x40	0x88	0x0000	0x0000	1	18	4270
7088	0x40	0x88	0x0000	0x0001	1	98	4272
2899	0x40	0x88	0x0000	0x0002	1	98	4274
2994	0x40	0x88	0x0000	0x0003	1	80	4276
3005	0x40	0x88	0x0000	0x000f	1	b0	4278
2009	0x40	0x88	0x0000	0x0004	1	00	4280
2978	0x40	0x88	0x0000	0x0005	1	00	4282
3014	0x40	0x88	0x0000	0x0006	1	40	4284
1981	0x40	0x88	0x0000	0x0007	1	01	4286
3043	0x40	0x88	0x0000	0x0008	1	08	4288
170	0xc0	0x88	0x0000	0x0340	64	-	4290
6808	0x40	0x88	0x0000	0x0009	1	00	4292
2995	0x40	0x88	0x0000	0x000a	1	27	4294
3021	0x40	0x88	0x0000	0x000b	1	01	4296
3006	0x40	0x88	0x0000	0x0053	1	40	4298
2994	0x40	0x88	0x0000	0x0054	1	01	4300
3005	0x40	0x88	0x0000	0x0078	1	68	4302
2964	0x40	0x88	0x0000	0x0079	1	01	4304
2988	0x40	0x88	0x0000	0x0071	1	45	4306
3042	0x40	0x88	0x0000	0x0072	1	00	4308
5065	0xc0	0x88	0x0000	0x0340	64	-	4310
1955	0x40	0x88	0x0000	0x002c	1	01	4312
2964	0x40	0x88	0x0000	0x0000	1	18	4314
3027	0x40	0x88	0x0000	0x000f	1	b0	4316
1980	0x40	0x88	0x0000	0x007a	1	1f	4318
3039	0x40	0x88	0x0000	0x002b	1	01	4320
2941	0x40	0x88	0x0000	0x0073	1	01	4322
2032	0x40	0x88	0x0000	0x005e	1	03	4324
3004	0x40	0x88	0x0000	0x005e	1	07	4326
2994	0x40	0x88	0x0000	0x0070	1	31	4328
1021	0xc0	0x88	0x0000	0x0340	64	-	4330
6992	0x40	0x88	0x0000	0x0000	1	19	4332
973	0x40	0x88	0x0000	0x0000	1	00	4334
1022	0x40	0x88	0x0000	0x0050	1	c0	4336
1976	0x40	0x88	0x0000	0x0055	1	80	4338
2983	0x40	0x88	0x0000	0x0061	1	3f	4340
2963	0x40	0x88	0x0000	0x007a	1	0f	4342
1983	0x40	0x88	0x0000	0x0006	1	80	4344
3062	0x40	0x88	0x0000	0x0007	1	02	4346
2018	0x40	0x88	0x0000	0x000a	1	df	4348
3008	0x40	0x88	0x0000	0x000f	1	00	4350
1997	0x40	0x88	0x0000	0x0020	1	41	4352
3002	0x40	0x88	0x0000	0x0021	1	60	4354
216	0xc0	0x88	0x0000	0x0340	64	-	4356
7734	0x40	0x88	0x0000	0x0053	1	80	4358
3054	0x40	0x88	0x0000	0x0054	1	02	4360
1977	0x40	0x88	0x0000	0x005e	1	03	4362
3067	0x40	0x88	0x0000	0x0078	1	60	4364
2946	0x40	0x88	0x0000	0x0079	1	09	4366
3010	0x40	0x88	0x0000	0x007c	1	10	4368
2940	0x40	0x88	0x0000	0x0037	1	00	4370
2048	0x40	0x88	0x0000	0x0051	1	03	4372
2921	0x40	0x88	0x0000	0x0076	1	00	4374
1105	0xc0	0x88	0x0000	0x0340	64	-	4376
308	0x40	0x88	0x0000	0x0023	1	00	4378
1611	0x40	0x88	0x0000	0x0035	1	06	4380
1041	0x40	0x88	0x0000	0x0036	1	01	4382
11977	0x40	0x88	0x0000	0x0036	1	03	4384
2012	0x40	0x88	0x0000	0x0035	1	0f	4386
1987	0x40	0x88	0x0000	0x0076	1	01	4388
2012	0x40	0x88	0x0000	0x0070	1	30	4390
2001	0x40	0x88	0x0000	0x0000	1	00	4392
1999	0x40	0x88	0x0000	0x0055	1	88	4394
1956	0x40	0x88	0x0000	0x005e	1	07	4396
2059	0x40	0x88	0x0000	0x0060	1	00	4398
1904	0x40	0x88	0x0000	0x0061	1	3f	4400
217	0xc0	0x88	0x0000	0x0340	64	-	4402
1838	0x40	0x88	0x0000	0x0068	1	02	4404
2100	0x40	0x88	0x0000	0x0050	1	24	4406
1922	0x40	0x88	0x0000	0x005e	1	03	4408
5083	0x40	0x88	0x0000	0x005e	1	07	4410
1903	0x40	0x88	0x0000	0x0070	1	31	4412
1935	0x40	0x88	0x0000	0x0000	1	01	4414
1996	0x40	0x88	0x0000	0x007e	1	2f	4416
2073	0x40	0x88	0x0000	0x0070	1	30	4418
1994	0x40	0x88	0x0000	0x0000	1	00	4420
2007	0x40	0x88	0x0000	0x0000	1	10	4422
2040	0x40	0x88	0x0000	0x000f	1	00	4424
1999	0x40	0x88	0x0000	0x007a	1	1f	4426
1978	0x40	0x88	0x0000	0x0000	1	18	4428
1967	0x40	0x88	0x0000	0x0001	1	98	4430
157	0xc0	0x88	0x0000	0x0340	64	-	4432
1879	0x40	0x88	0x0000	0x0002	1	98	4434
1990	0x40	0x88	0x0000	0x0003	1	80	4436
1994	0x40	0x88	0x0000	0x000f	1	b0	4438
3011	0x40	0x88	0x0000	0x0004	1	00	4440
5048	0x40	0x88	0x0000	0x0005	1	00	4442
1929	0x40	0x88	0x0000	0x0006	1	40	4444
2095	0x40	0x88	0x0000	0x0007	1	01	4446
1900	0x40	0x88	0x0000	0x0008	1	08	4448
2023	0x40	0x88	0x0000	0x0009	1	00	4450
2003	0x40	0x88	0x0000	0x000a	1	27	4452
1986	0x40	0x88	0x0000	0x000b	1	01	4454
2012	0x40	0x88	0x0000	0x0053	1	40	4456
2000	0x40	0x88	0x0000	0x0054	1	01	4458
1924	0x40	0x88	0x0000	0x0078	1	68	4460
2107	0x40	0x88	0x0000	0x0079	1	01	4462
1941	0x40	0x88	0x0000	0x0071	1	45	4464
2008	0x40	0x88	0x0000	0x0072	1	00	4466
2120	0x40	0x88	0x0000	0x002c	1	01	4468
1885	0x40	0x88	0x0000	0x002b	1	01	4470
2043	0x40	0x88	0x0000	0x0070	1	30	4472
1943	0x40	0x88	0x0000	0x0080	64	100c0e0e121831480b0c0d111623405c0a0e101625374e5f1013181d38405762181a283344516770283a39576d687964333c4550677178673d37383e4d5c6563	4474
3052	0xc0	0x88	0x0000	0x0340	64	-	4476
889	0x40	0x88	0x0000	0x00c0	64	1112182f6363636312151a4263636363181a3863636363632f426363636363636363636363636363636363636363636363636363636363636363636363636363	4478
1088	0x40	0x88	0x0000	0x0070	1	50	4480
936	0x40	0x88	0x0000	0x0080	64	100c0e0e121831480b0c0d111623405c0a0e101625374e5f1013181d38405762181a283344516770283a39576d687964333c4550677178673d37383e4d5c6563	4482
997	0x40	0x88	0x0000	0x00c0	64	1112182f6363636312151a4263636363181a3863636363632f426363636363636363636363636363636363636363636363636363636363636363636363636363	4484
1026	0x40	0x88	0x0000	0x0070	1	30	4486
1001	0x40	0x88	0x0000	0x0073	1	80	4488
1029	0x40	0x88	0x0000	0x007c	1	14	4490
936	0x40	0x88	0x0000	0x0070	1	30	4492
981	0x40	0x88	0x0000	0x0028	1	00	4494
1084	0x40	0x88	0x0000	0x0073	1	01	4496
1006	0x40	0x88	0x0000	0x005e	1	03	4498
990	0x40	0x88	0x0000	0x005e	1	07	4500
920	0x40	0x88	0x0000	0x0070	1	31	4502
1046	0x40	0x88	0x0000	0x0000	1	19	4504
16148	0xc0	0x88	0x0000	0x0340	64	-	4506
371	0xc0	0x88	0x0000	0x0340	64	-	4508
3465	0xc0	0x88	0x0000	0x002d	1	-	4510
4062	0xc0	0x88	0x0000	0x002e	1	-	4512
2004	0x40	0x88	0x0000	0x0300	64	00000000000000000000000000000000000000000000000000000000000000000000000000000000000000000000000000000000000000000000000000188010	4514
21952	0x40	0x88	0x0000	0x0300	64	00000000000000000000000000000000000000000000000000000000000000000000000000000000000000000000000000000000000000000000000000188010	4516
225	0xc0	0x88	0x0000	0x0340	64	-	4518
29833	0xc0	0x88	0x0000	0x0340	64	-	4520
32030	0x40	0x88	0x0000	0x0300	64	00000000000000000000000000000000000000000000000000000000000000000000000000000000000000000000000000000000000000000000000000791071	4522
2902	0xc0	0x88	0x0000	0x0340	64	-	4524
43024	0xc0	0x88	0x0000	0x0340	64	-	4526
32031	0xc0	0x88	0x0000	0x0340	64	-	4528
31030	0xc0	0x88	0x0000	0x0340	64	-	4530
32009	0xc0	0x88	0x0000	0x0340	64	-	4532
35004	0xc0	0x88	0x0000	0x0340	64	-	4534
26987	0xc0	0x88	0x0000	0x0340	64	-	4536
30996	0xc0	0x88	0x0000	0x0340	64	-	4538
36068	0xc0	0x88	0x0000	0x0340	64	-	4540
26897	0xc0	0x88	0x0000	0x0340	64	-	4542
30037	0xc0	0x88	0x0000	0x0340	64	-	4544
48050	0xc0	0x88	0x0000	0x0340	64	-	4546
45892	0xc0	0x88	0x0000	0x0340	64	-	4548
32056	0xc0	0x88	0x0000	0x0340	64	-	4550
31004	0xc0	0x88	0x0000	0x0340	64	-	4552
31001	0xc0	0x88	0x0000	0x0340	64	-	4554
30978	0x40	0x88	0x0000	0x0300	64	00000000000000000000000000000000000000000000000000000000000000000000000000000000000000000000000000000000000000000000000000891081	4556
3022	0xc0	0x88	0x0000	0x0340	64	-	4558
28999	0xc0	0x88	0x0000	0x0340	64	-	4560
30975	0xc0	0x88	0x0000	0x0340	64	-	4562
35057	0xc0	0x88	0x0000	0x0340	64	-	4564
26976	0xc0	0x88	0x0000	0x0340	64	-	4566
30982	0xc0	0x88	0x0000	0x0340	64	-	4568
47069	0xc0	0x88	0x0000	0x0340	64	-	4570
31944	0xc0	0x88	0x0000	0x0340	64	-	4572
38979	0xc0	0x88	0x0000	0x0340	64	-	4574
22980	0xc0	0x88	0x0000	0x0340	64	-	4576
36059	0xc0	0x88	0x0000	0x0340	64	-	4578
42068	0xc0	0x88	0x0000	0x0340	64	-	4580
31902	0xc0	0x88	0x0000	0x0340	64	-	4582
41951	0xc0	0x88	0x0000	0x0340	64	-	4584
20042	0x40	0x88	0x0000	0x0300	64	00000000000000000000000000000000000000000000000000000000000000000000000000000000000000000000000000000000000000000000000000991091	4586
2988	0xc0	0x88	0x0000	0x0340	64	-	4588
28035	0xc0	0x88	0x0000	0x0340	64	-	4590
31994	0xc0	0x88	0x0000	0x0340	64	-	4592
33131	0xc0	0x88	0x0000	0x0340	64	-	4594
28882	0xc0	0x88	0x0000	0x0340	64	-	4596
31002	0xc0	0x88	0x0000	0x0340	64	-	4598
30989	0xc0	0x88	0x0000	0x0340	64	-	4600
47087	0xc0	0x88	0x0000	0x0340	64	-	4602
46866	0xc0	0x88	0x0000	0x0340	64	-	4604
32012	0xc0	0x88	0x0000	0x0340	64	-	4606
31009	0xc0	0x88	0x0000	0x0340	64	-	4608
35025	0xc0	0x88	0x0000	0x0340	64	-	4610
27051	0xc0	0x88	0x0000	0x0340	64	-	4612
37946	0xc0	0x88	0x0000	0x0340	64	-	4614
25112	0xc0	0x88	0x0000	0x0340	64	-	4616
30906	0xc0	0x88	0x0000	0x0340	64	-	4618
31011	0x40	0x88	0x0000	0x0300	64	00000000000000000000000000000000000000000000000000000000000000000000000000000000000000000000000000000000000000000000000000a910a1	4620
2920	0xc0	0x88	0x0000	0x0340	64	-	4622
36038	0xc0	0x88	0x0000	0x0340	64	-	4624
39048	0xc0	0x88	0x0000	0x0340	64	-	4626
32021	0xc0	0x88	0x0000	0x0340	64	-	4628
30881	0xc0	0x88	0x0000	0x0340	64	-	4630
31068	0xc0	0x88	0x0000	0x0340	64	-	4632
30942	0xc0	0x88	0x0000	0x0340	64	-	4634
47017	0xc0	0x88	0x0000	0x0340	64	-	4636
31007	0xc0	0x88	0x0000	0x0340	64	-	4638
32028	0xc0	0x88	0x0000	0x0340	64	-	4640
31005	0xc0	0x88	0x0000	0x0340	64	-	4642
